alt_identifier,k8_cn,B cell,CD4 T cell,CD8 T cell,Epithelial/Tumor,Macrophages,NK-cells,P53+ Tumor,Proliferative Immune,Proliferative Tumor,Stromal
CR001,Bulk Tumor,9.296560272699101e-4,9.296560272699101e-4,0.005887821506042764,0.7378370003098853,0.0030988534242330336,0.02200185931205454,0.1735357917570499,3.098853424233034e-4,0.0461729160210722,0.009296560272699102
CR001,CD8+ T cell enriched,0.04807692307692308,0.1778846153846154,0.35096153846153844,0.03365384615384615,0.11057692307692307,0.04326923076923077,0.009615384615384616,0.004807692307692308,0,0.22115384615384615
CR001,Immune-enriched stromal,0.0451063829787234,0.1526241134751773,0.04425531914893617,0.07574468085106383,0.08822695035460992,0.03234042553191489,0.02723404255319149,0.008226950354609928,0.0070921985815602835,0.5191489361702127
CR001,Mixed Immune,0.0622568093385214,0.20881971465629054,0.057068741893644616,0.04539559014267185,0.3035019455252918,0.040207522697795074,0.01297016861219196,0.011673151750972763,0.010376134889753566,0.24773022049286642
CR001,NK-cell enriched,0.013157894736842105,0.013157894736842105,0.039473684210526314,0.09210526315789473,0.06578947368421052,0.5,0.013157894736842105,0,0.05263157894736842,0.21052631578947367
CR001,P53+ Tumor,0.00144248106743599,0.0032455824017309774,0.002163721601153985,0.3299675441759827,0.00144248106743599,0.015146051208077894,0.5268662098809953,0,0.10674359899026326,0.01298232960692391
CR001,Proliferative Tumor,0.0041753653444676405,0,0.003131524008350731,0.1931106471816284,0,0.033402922755741124,0.13883089770354906,0.0010438413361169101,0.6189979123173278,0.007306889352818371
CR001,Stromal,0.02204531537048377,0.049601959583588484,0.015309246785058175,0.009797917942437232,0.02510716472749541,0.009185548071034905,0.002449479485609308,6.12369871402327e-4,0,0.8658909981628904
CR008,Bulk Tumor,0.007860121912094963,0.0038498556304138597,0.011389156239974335,0.7864934231632981,0.008822585819698428,0.030478023740776388,0.011389156239974335,6.416426050689766e-4,0.08934873275585499,0.04972730189284569
CR008,CD8+ T cell enriched,0.10666666666666667,0.23,0.4,0.03333333333333333,0.04,0.02,0.01,0.023333333333333334,0.0033333333333333335,0.13333333333333333
CR008,Immune-enriched stromal,0.05296100144439095,0.11169956668271545,0.0320173326913818,0.10014443909484834,0.07871930669234473,0.03346172363986519,0.006981222917669716,0.009388541165142032,0.029128550794415023,0.5454983148772268
CR008,Mixed Immune,0.052123552123552123,0.22393822393822393,0.03861003861003861,0.03957528957528957,0.38706563706563707,0.02895752895752896,0.007722007722007722,0.015444015444015444,0.003861003861003861,0.20270270270270271
CR008,NK-cell enriched,0.005813953488372093,0.0755813953488372,0.011627906976744186,0.11046511627906977,0.005813953488372093,0.5465116279069767,0.011627906976744186,0.005813953488372093,0.023255813953488372,0.20348837209302326
CR008,P53+ Tumor,0,0,0,0.25,0,0,0.25,0,0.5,0
CR008,Proliferative Tumor,0.007246376811594203,0.002835538752362949,0.006931316950220542,0.2882797731568998,0.006931316950220542,0.011657214870825458,0.008506616257088847,0.005040957781978576,0.5967233774417139,0.06584751102709514
CR008,Stromal,0.014631401238041642,0.04595760645282311,0.009754267492027763,0.010879759894954042,0.020634027386981803,0.005064715813168261,0.008253610954792722,0.0016882386043894203,5.627462014631402e-4,0.8825736259613581
CR014,Bulk Tumor,0.011273209549071617,0.008620689655172414,0.01856763925729443,0.7336427939876216,0.021883289124668436,0.03713527851458886,0.028735632183908046,0.002431476569407604,0.07117595048629531,0.0665340406719717
CR014,CD8+ T cell enriched,0.013719512195121951,0.08079268292682927,0.538109756097561,0.056402439024390245,0.06859756097560976,0.056402439024390245,0.003048780487804878,0.006097560975609756,0.019817073170731708,0.15701219512195122
CR014,Immune-enriched stromal,0.02928297755883963,0.059113300492610835,0.06321839080459771,0.13519430760810072,0.08210180623973727,0.04707170224411604,0.01176792556102901,0.013136288998357963,0.025451559934318555,0.5336617405582923
CR014,Mixed Immune,0.05012853470437018,0.09125964010282776,0.06298200514138817,0.060411311053984576,0.4241645244215938,0.05398457583547558,0.012853470437017995,0.010282776349614395,0.016709511568123392,0.21722365038560412
CR014,NK-cell enriched,0.014684287812041116,0.024963289280469897,0.027900146842878122,0.2011747430249633,0.027900146842878122,0.5051395007342144,0.022026431718061675,0.004405286343612335,0.07342143906020558,0.09838472834067548
CR014,P53+ Tumor,0.01818181818181818,0.01818181818181818,0,0.32727272727272727,0.01818181818181818,0.07272727272727272,0.34545454545454546,0,0.18181818181818182,0.01818181818181818
CR014,Proliferative Tumor,0.007707129094412331,0.004816955684007707,0.024084778420038536,0.27167630057803466,0.010597302504816955,0.0674373795761079,0.036608863198458574,0.00674373795761079,0.5221579961464354,0.04816955684007707
CR014,Stromal,0.020041465100207326,0.030753282653766412,0.029716655148583276,0.005874222529371113,0.03489979267449896,0.024187975120939877,0.0031098825155494126,0.0048375950241879755,0,0.8465791292328957
CR020,Bulk Tumor,0.0040766408479412965,0.009376273950264982,0.05421932327761924,0.695067264573991,0.005707297187117815,0.0411740725642071,0.011822258459029759,0.0028536485935589076,0.14920505503465145,0.026498165511618425
CR020,CD8+ T cell enriched,0.022099447513812154,0.2154696132596685,0.4167324388318863,0.06077348066298342,0.05919494869771113,0.04498816101026046,0.0055248618784530384,0.01578531965272297,0.027624309392265192,0.13180741910023677
CR020,Immune-enriched stromal,0.03235294117647059,0.16176470588235295,0.13529411764705881,0.050980392156862744,0.059803921568627454,0.03627450980392157,0.00196078431372549,0.014705882352941176,0.014705882352941176,0.492156862745098
CR020,Mixed Immune,0.03187250996015936,0.2729083665338645,0.10756972111553785,0.021912350597609563,0.28286852589641437,0.04183266932270916,0.00796812749003984,0.0398406374501992,0.00398406374501992,0.1892430278884462
CR020,NK-cell enriched,0.024390243902439025,0.08536585365853659,0.07317073170731707,0.15853658536585366,0.08536585365853659,0.43902439024390244,0.012195121951219513,0,0.024390243902439025,0.0975609756097561
CR020,P53+ Tumor,0,0,0,0.4444444444444444,0,0.1111111111111111,0.1111111111111111,0,0.2222222222222222,0.1111111111111111
CR020,Proliferative Tumor,0.0016155088852988692,0.016962843295638127,0.05331179321486268,0.35379644588045234,0.0016155088852988692,0.05411954765751212,0.014539579967689823,0.004038772213247173,0.4806138933764136,0.01938610662358643
CR020,Stromal,0.02,0.08666666666666667,0.02666666666666667,0,0.02666666666666667,0.02,0,0.02,0,0.8
CR023,Bulk Tumor,0.0017410572966128522,0.010762899651788541,0.009021842355175688,0.807534029756252,0.0034821145932257044,0.021209243431465654,0.01440329218106996,9.49667616334283e-4,0.096232985121874,0.03466286799620133
CR023,CD8+ T cell enriched,0.061507936507936505,0.16666666666666666,0.44047619047619047,0.03373015873015873,0.07539682539682539,0.02976190476190476,0.007936507936507936,0.011904761904761904,0.001984126984126984,0.17063492063492064
CR023,Immune-enriched stromal,0.036953136061163815,0.0935862947755911,0.06583604700552173,0.11128415687384964,0.08141016565198923,0.026900750389352968,0.018830525272547076,0.0025484921421492284,0.012459294917174006,0.5501911369106612
CR023,Mixed Immune,0.03802281368821293,0.17110266159695817,0.060836501901140684,0.060836501901140684,0.3754752851711027,0.04847908745247148,0.010456273764258554,0.0028517110266159697,0,0.23193916349809887
CR023,NK-cell enriched,0.02531645569620253,0.0379746835443038,0.0379746835443038,0.22784810126582278,0.08860759493670886,0.35443037974683544,0.02531645569620253,0,0.02531645569620253,0.17721518987341772
CR023,P53+ Tumor,0,0,0,0.42857142857142855,0,0,0.5714285714285714,0,0,0
CR023,Proliferative Tumor,0.005706134094151213,0.0042796005706134095,0.005706134094151213,0.3609129814550642,0,0.034236804564907276,0.018544935805991442,0.0028530670470756064,0.5492154065620543,0.018544935805991442
CR023,Stromal,0.019072810803285534,0.03132395934846165,0.017402199638034247,0.01614924126409578,0.027008213838229152,0.006195183071140192,0.00946679660309063,7.656967840735069e-4,6.960879855213699e-5,0.8725462898510372
CR027,Bulk Tumor,0.00101010101010101,0.0035353535353535356,0.022727272727272728,0.7090909090909091,0.00202020202020202,0.06666666666666667,0.09444444444444444,0.00101010101010101,0.07575757575757576,0.023737373737373738
CR027,CD8+ T cell enriched,0.011656952539550375,0.19317235636969193,0.42714404662781014,0.038301415487094086,0.059117402164862616,0.07243963363863447,0.05578684429641965,0.005828476269775187,0.02331390507910075,0.11323896752706078
CR027,Immune-enriched stromal,0.015011851461680274,0.1182512509876218,0.06399789307347906,0.06689491703976824,0.06584145377929945,0.09744535159336318,0.020805899394258625,0.01316829075585989,0.01553858309191467,0.5230445088227548
CR027,Mixed Immune,0.020261437908496733,0.25947712418300656,0.05620915032679739,0.028104575163398694,0.2856209150326797,0.10718954248366012,0.00849673202614379,0.025490196078431372,0.004575163398692811,0.2045751633986928
CR027,NK-cell enriched,0.006811632171862719,0.0335341891537857,0.03798794865077286,0.09405292114225831,0.0345821325648415,0.6583704479958082,0.019648938957296306,0.0026198585276395073,0.016505108724128897,0.09588682211160597
CR027,P53+ Tumor,6.108735491753207e-4,0.004479739360619018,0.0531459987782529,0.21299124414579515,0.003257992262268377,0.028914681327631846,0.5176135206678885,8.144980655670943e-4,0.16432498472816126,0.013846467114640602
CR027,Proliferative Tumor,0.001422475106685633,9.48316737790422e-4,0.03793266951161688,0.19724988146040778,9.48316737790422e-4,0.02275960170697013,0.1541014698909436,0.002370791844476055,0.5680417259364627,0.01422475106685633
CR027,Stromal,0.009068923821039904,0.04534461910519952,0.021160822249093107,0.008464328899637243,0.030229746070133012,0.04534461910519952,0.0018137847642079807,0.0036275695284159614,6.045949214026602e-4,0.8343409915356711
CR034,Bulk Tumor,0.003386550556361877,0.0043541364296081275,0.03193033381712627,0.7058538945331398,0.011127237542331882,0.045960328979196906,0.06773101112723755,0.0043541364296081275,0.09337203676826318,0.03193033381712627
CR034,CD8+ T cell enriched,0.020618556701030927,0.14432989690721648,0.3938144329896907,0.088659793814433,0.03711340206185567,0.061855670103092786,0.04742268041237113,0.026804123711340205,0.05979381443298969,0.11958762886597939
CR034,Immune-enriched stromal,0.026062550120288693,0.08219727345629511,0.05132317562149158,0.10946271050521252,0.0681635926222935,0.08620689655172414,0.041299117882919005,0.024057738572574178,0.03769045709703288,0.4735364875701684
CR034,Mixed Immune,0.030303030303030304,0.15702479338842976,0.05785123966942149,0.07300275482093664,0.3071625344352617,0.08264462809917356,0.03856749311294766,0.023415977961432508,0.03443526170798898,0.19559228650137742
CR034,NK-cell enriched,0.016652059596844872,0.03067484662576687,0.035056967572304996,0.08851884312007012,0.03155127081507449,0.567922874671341,0.033304119193689745,0.014022787028921999,0.049079754601226995,0.13321647677475898
CR034,P53+ Tumor,0.0034458993797381117,0.004479669193659545,0.033425223983459686,0.191592005513439,0.014128187456926258,0.042729152308752585,0.46623018607856653,0.006202618883528601,0.19538249483115094,0.042384562370778776
CR034,Proliferative Tumor,0.0036021058464948737,0.005264616237184816,0.03685231366029371,0.18204488778054864,0.00942089221390967,0.041285674702133554,0.13632585203657524,0.006372956497644777,0.5525076198392906,0.02632308118592408
CR034,Stromal,0.006696428571428571,0.027901785714285716,0.015625,0.015625,0.03125,0.0390625,0.010044642857142858,0.006696428571428571,0.0011160714285714285,0.8459821428571429
CR038,Bulk Tumor,0.007026245091961149,0.0039264310808018186,0.007439553626782393,0.7013845835916511,0.009919404835709857,0.01425914445133292,0.019218846869187848,0.0047530481504443065,0.1932217400289316,0.03885100227319694
CR038,CD8+ T cell enriched,0.023255813953488372,0.11046511627906977,0.5174418604651163,0.01744186046511628,0.05813953488372093,0.023255813953488372,0.011627906976744186,0.01744186046511628,0.01744186046511628,0.20348837209302326
CR038,Immune-enriched stromal,0.025116082735331363,0.08927817644575771,0.03651329674968341,0.06627268889826932,0.0901224145208949,0.0445335584634867,0.01118615449556775,0.042845082313212324,0.04010130856901646,0.5540312368087801
CR038,Mixed Immune,0.014925373134328358,0.2066590126291619,0.02525832376578645,0.03788748564867968,0.3547646383467279,0.04707233065442021,0.011481056257175661,0.045924225028702644,0.01722158438576349,0.23880597014925373
CR038,NK-cell enriched,0.00641025641025641,0.038461538461538464,0.038461538461538464,0.05128205128205128,0.057692307692307696,0.5064102564102564,0.01282051282051282,0.02564102564102564,0.038461538461538464,0.22435897435897437
CR038,P53+ Tumor,0,0,0,0.3333333333333333,0,0,0.2777777777777778,0,0.2222222222222222,0.16666666666666666
CR038,Proliferative Tumor,0.005540467137425313,0.0017381857686040196,0.004997284084736557,0.312221618685497,0.0076045627376425855,0.014557305812058663,0.019880499728408475,0.010972297664312873,0.5921781640412819,0.03030961434003259
CR038,Stromal,0.011007338225483656,0.044029352901934625,0.01200800533689126,0.004002668445630421,0.03502334889926618,0.018345563709139426,0.003669112741827885,0.01000667111407605,6.6711140760507e-4,0.8612408272181454
CR041,Bulk Tumor,0.007846556233653008,0.007168458781362007,0.016080596725758015,0.7660563789596048,0.0035842293906810036,0.03865155478058704,0.014143175433498014,0.0027123898091640027,0.07594691465659208,0.06780974522910006
CR041,CD8+ T cell enriched,0.06806282722513089,0.193717277486911,0.4408376963350785,0.02931937172774869,0.04502617801047121,0.032460732984293195,0.008376963350785341,0.033507853403141365,0.004188481675392671,0.14450261780104712
CR041,Immune-enriched stromal,0.042569365260357275,0.09160015203344736,0.08665906499429875,0.14481185860889395,0.032307107563664006,0.03610794374762448,0.009882174078297225,0.02888635499809958,0.04218928164196123,0.4849866970733561
CR041,Mixed Immune,0.1027190332326284,0.2628398791540785,0.08157099697885196,0.03323262839879154,0.2084592145015106,0.05740181268882175,0.00906344410876133,0.06948640483383686,0.00906344410876133,0.1661631419939577
CR041,NK-cell enriched,0.014462809917355372,0.024793388429752067,0.02066115702479339,0.2768595041322314,0.01652892561983471,0.45454545454545453,0.02066115702479339,0.010330578512396695,0.09504132231404959,0.06611570247933884
CR041,P53+ Tumor,0,0,0,0.4,0,0.2,0.2,0,0.2,0
CR041,Proliferative Tumor,0.006932981181908221,0.001650709805216243,0.012215252558600198,0.2518983162759987,0.007923407065037967,0.06569825024760648,0.012875536480686695,0.0036315615714757345,0.5873225486959393,0.04985143611753054
CR041,Stromal,0.018957345971563982,0.03317535545023697,0.037914691943127965,0.061611374407582936,0.026066350710900472,0.014218009478672985,0.009478672985781991,0.004739336492890996,0.016587677725118485,0.7772511848341233
CR043,Bulk Tumor,0.009813084112149532,0.0032710280373831778,0.04018691588785047,0.7140186915887851,0.004672897196261682,0.05327102803738318,0.01822429906542056,9.345794392523365e-4,0.10373831775700934,0.05186915887850467
CR043,CD8+ T cell enriched,0.019202363367799114,0.047267355982274745,0.5228951255539144,0.09896602658788774,0.04431314623338257,0.09601181683899557,0.014771048744460856,0.004431314623338257,0.04283604135893648,0.10930576070901034
CR043,Immune-enriched stromal,0.0460431654676259,0.05755395683453238,0.11366906474820145,0.11942446043165468,0.04316546762589928,0.05611510791366906,0.02158273381294964,0.014388489208633094,0.02302158273381295,0.5050359712230216
CR043,Mixed Immune,0.018867924528301886,0.06289308176100629,0.0440251572327044,0.1069182389937107,0.44025157232704404,0.08176100628930817,0.012578616352201259,0.006289308176100629,0.018867924528301886,0.20754716981132076
CR043,NK-cell enriched,0.022792022792022793,0.008547008547008548,0.09686609686609686,0.21937321937321938,0.014245014245014245,0.41595441595441596,0.03418803418803419,0.005698005698005698,0.1168091168091168,0.06552706552706553
CR043,P53+ Tumor,0,0,0.3076923076923077,0.15384615384615385,0,0.23076923076923078,0.15384615384615385,0,0,0.15384615384615385
CR043,Proliferative Tumor,0.006033182503770739,0,0.06184012066365008,0.277526395173454,0.006033182503770739,0.09803921568627451,0.0196078431372549,0.0015082956259426848,0.4917043740573152,0.03770739064856712
CR043,Stromal,0.008547008547008548,0.03418803418803419,0.045584045584045586,0.008547008547008548,0.014245014245014245,0.008547008547008548,0.005698005698005698,0,0,0.8746438746438746
CR048,Bulk Tumor,0.010021922956467273,0.010648293141246476,0.03319761979329784,0.6814907610397745,0.060757907923582835,0.0829940494832446,0.01252740369558409,0.0018791105543376136,0.0557469464453492,0.050735984967115566
CR048,CD8+ T cell enriched,0,0.0379746835443038,0.43670886075949367,0.2088607594936709,0.06962025316455696,0.10126582278481013,0.006329113924050633,0.03164556962025317,0.0379746835443038,0.06962025316455696
CR048,Immune-enriched stromal,0.016268980477223426,0.021691973969631236,0.03796095444685466,0.1735357917570499,0.0911062906724512,0.11496746203904555,0.007592190889370932,0.010845986984815618,0.05422993492407809,0.4718004338394794
CR048,Mixed Immune,0.01888772298006296,0.04407135362014691,0.04197271773347324,0.155299055613851,0.43651626442812175,0.12172088142707241,0.007345225603357817,0.0062959076600209865,0.01993704092339979,0.14795383001049317
CR048,NK-cell enriched,0.016822429906542057,0.022429906542056073,0.03426791277258567,0.16573208722741434,0.09221183800623053,0.5258566978193147,0.00809968847352025,0.001869158878504673,0.01806853582554517,0.1146417445482866
CR048,P53+ Tumor,0,0,0,0.5,0,0,0.5,0,0,0
CR048,Proliferative Tumor,0.00882825040128411,0.011235955056179775,0.03451043338683788,0.2463884430176565,0.03451043338683788,0.07062600321027288,0.01043338683788122,0.011235955056179775,0.5184590690208668,0.05377207062600321
CR048,Stromal,0,0,0.01818181818181818,0.01818181818181818,0,0.05454545454545454,0,0.01818181818181818,0.01818181818181818,0.8727272727272727
CR051,Bulk Tumor,0.008620689655172414,0.0040024630541871924,0.07358374384236453,0.6770320197044335,0.00646551724137931,0.021551724137931036,0.017241379310344827,3.078817733990148e-4,0.11945812807881774,0.07173645320197045
CR051,CD8+ T cell enriched,0.02045209903121636,0.02906350914962325,0.48546824542518835,0.15392895586652314,0.03552206673842842,0.05166846071044134,0.0193756727664155,0.007534983853606028,0.077502691065662,0.11948331539289558
CR051,Immune-enriched stromal,0.030223880597014925,0.03582089552238806,0.07947761194029851,0.13171641791044778,0.059328358208955226,0.06753731343283582,0.011567164179104477,0.011194029850746268,0.05858208955223881,0.5145522388059701
CR051,Mixed Immune,0.023980815347721823,0.09352517985611511,0.09112709832134293,0.05275779376498801,0.37170263788968827,0.0671462829736211,0.011990407673860911,0.023980815347721823,0.02158273381294964,0.2422062350119904
CR051,NK-cell enriched,0.009138381201044387,0.018276762402088774,0.0835509138381201,0.06919060052219321,0.033942558746736295,0.5221932114882507,0.01174934725848564,0.028720626631853787,0.05221932114882506,0.17101827676240208
CR051,P53+ Tumor,0,0,0.07142857142857142,0.35714285714285715,0,0,0.07142857142857142,0,0.42857142857142855,0.07142857142857142
CR051,Proliferative Tumor,0.009094846253789519,0.0064963187527068,0.075790385448246,0.27024686011260285,0.01126028583802512,0.04244261585101776,0.017756604590731917,0.0043308791684712,0.49761801645734083,0.06496318752706799
CR051,Stromal,0.012896825396825396,0.017857142857142856,0.022817460317460316,0.016865079365079364,0.031746031746031744,0.03373015873015873,0.005952380952380952,0.003968253968253968,0.005952380952380952,0.8482142857142857
CR052,Bulk Tumor,0.0044772778150884264,0.00693978061338706,0.029997761361092456,0.7253190060443251,0.011864786209984329,0.018580702932616967,0.08126259234385494,0.0022386389075442132,0.07297962838594135,0.04633982538616521
CR052,CD8+ T cell enriched,0.05076055375149547,0.17432917450008545,0.492907195351222,0.0521278413946334,0.051615108528456674,0.04016407451717655,0.009571013501965476,0.012476499743633566,0.012134677832849085,0.10391386087848231
CR052,Immune-enriched stromal,0.033386327503974564,0.07233704292527822,0.0782193958664547,0.12782193958664548,0.0958664546899841,0.0424483306836248,0.016693163751987282,0.021621621621621623,0.015421303656597773,0.4961844197138315
CR052,Mixed Immune,0.07006651884700665,0.14235033259423505,0.07937915742793791,0.07272727272727272,0.34722838137472284,0.0541019955654102,0.010643015521064302,0.016851441241685146,0.0017738359201773836,0.2048780487804878
CR052,NK-cell enriched,0.028409090909090908,0.03125,0.08238636363636363,0.13636363636363635,0.048295454545454544,0.4744318181818182,0.04261363636363636,0.005681818181818182,0.008522727272727272,0.14204545454545456
CR052,P53+ Tumor,0.001280819724623759,0.0035222542427153377,0.03073967339097022,0.26641050272174194,0.005763688760806916,0.024975984630163303,0.4905539545308998,0.001601024655779699,0.1575408261287224,0.01761127121357669
CR052,Proliferative Tumor,6.134969325153375e-4,0.0036809815950920245,0.03680981595092025,0.22699386503067484,0.001226993865030675,0.016564417177914112,0.12699386503067484,0.011656441717791411,0.5411042944785276,0.0343558282208589
CR052,Stromal,0.013303769401330377,0.028824833702882482,0.025129342202512936,0.018477457501847747,0.037694013303769404,0.008499630450849963,0.0040650406504065045,0.006282335550628234,3.695491500369549e-4,0.8573540280857354
CR053,Bulk Tumor,0.0031429099648733593,0.005361434645960436,0.010537992235163616,0.7409872434830838,0.009058975781105564,0.05416897762987613,0.01552967276760954,0.0036975411351451285,0.10630430763542244,0.05121094472176003
CR053,CD8+ T cell enriched,0.03761755485893417,0.2006269592476489,0.38557993730407525,0.034482758620689655,0.07836990595611286,0.10658307210031348,0.012539184952978056,0.0219435736677116,0.034482758620689655,0.0877742946708464
CR053,Immune-enriched stromal,0.037928106425134445,0.059722615341069915,0.03141805830738749,0.16897820549108405,0.05575997735635437,0.08547976224172092,0.013020096235493914,0.03085196716671384,0.05689215963770167,0.45994905179733936
CR053,Mixed Immune,0.10699588477366255,0.19176954732510287,0.0345679012345679,0.06502057613168724,0.2814814814814815,0.10699588477366255,0.006584362139917695,0.02139917695473251,0.01646090534979424,0.16872427983539096
CR053,NK-cell enriched,0.025896414342629483,0.053784860557768925,0.026892430278884463,0.14940239043824702,0.06573705179282868,0.4452191235059761,0.00796812749003984,0.017928286852589643,0.052788844621513946,0.15438247011952191
CR053,P53+ Tumor,0,0,0.05263157894736842,0.3157894736842105,0,0.05263157894736842,0.3157894736842105,0,0.2631578947368421,0
CR053,Proliferative Tumor,0.005178190679256778,0.007310386841303686,0.009747182455071581,0.28510508681084373,0.013402375875723424,0.05147730734084679,0.017971367651538228,0.015839171489491318,0.5415778251599147,0.05239110569600975
CR053,Stromal,0.02147239263803681,0.05828220858895705,0.012269938650306749,0.006134969325153374,0.02147239263803681,0.046012269938650305,0,0.012269938650306749,0,0.8220858895705522
CR054,Bulk Tumor,0.002840909090909091,0.0022727272727272726,0.010511363636363636,0.7423295454545454,0.025852272727272727,0.020738636363636365,0.022727272727272728,0.0017045454545454545,0.1380681818181818,0.03295454545454545
CR054,CD8+ T cell enriched,0.026690391459074734,0.1494661921708185,0.4608540925266904,0.026690391459074734,0.06761565836298933,0.08362989323843416,0.0071174377224199285,0.0071174377224199285,0.005338078291814947,0.16548042704626334
CR054,Immune-enriched stromal,0.03117063033941353,0.06580466404987301,0.0641884091433849,0.08889401985684599,0.08797044562456707,0.07896559685984761,0.011775571461556222,0.01916416531978758,0.024474717155391363,0.5275917801893327
CR054,Mixed Immune,0.02045877247365158,0.11097334159950403,0.06013639181649101,0.06261624302541847,0.4513329200247985,0.07563546187228766,0.009919404835709857,0.03967761934283943,0.0049597024178549285,0.1642901425914445
CR054,NK-cell enriched,0.01567398119122257,0.05642633228840126,0.061128526645768025,0.06896551724137931,0.09404388714733543,0.4843260188087774,0.01567398119122257,0.0109717868338558,0.014106583072100314,0.1786833855799373
CR054,P53+ Tumor,0,0,0,0.5454545454545454,0,0,0.36363636363636365,0,0.09090909090909091,0
CR054,Proliferative Tumor,0.0020802377414561664,0.001188707280832095,0.007429420505200594,0.2888558692421991,0.009212481426448737,0.011589895988112928,0.025557206537890044,0.005349182763744428,0.6160475482912333,0.03268945022288262
CR054,Stromal,0.009523809523809525,0.03197278911564626,0.01989795918367347,0.01445578231292517,0.014965986394557823,0.024319727891156464,0.00935374149659864,0.00816326530612245,0.0010204081632653062,0.8663265306122448
CR055,Bulk Tumor,0.002,0.0072,0.0268,0.7636,0.0044,0.0948,0.0372,0,0.0488,0.0152
CR055,CD8+ T cell enriched,0.033860045146726865,0.11738148984198646,0.4706546275395034,0.016930022573363433,0.1252821670428894,0.11738148984198646,0.006772009029345372,0.007900677200902935,0,0.1038374717832957
CR055,Immune-enriched stromal,0.027340129749768304,0.06765523632993513,0.07089898053753475,0.025949953660797033,0.10009267840593142,0.1556997219647822,0.006487488415199258,0,0,0.5458758109360519
CR055,Mixed Immune,0.03815261044176707,0.16207687894434883,0.08204245553643144,0.020654044750430294,0.42570281124497994,0.09064830751577739,0.006597819850831899,0.006597819850831899,2.8686173264486515e-4,0.1672403901319564
CR055,NK-cell enriched,0.01117798796216681,0.04488392089423904,0.06414445399828031,0.069131556319862425,0.06208082545141874,0.6144453998280309,0.010662080825451418,1.7196904557179707e-4,0.005331040412725709,0.1179707652622528
CR055,P53+ Tumor,0,0,0,0.2765957446808511,0,0.1276595744680851,0.46808510638297873,0,0.10638297872340426,0.02127659574468085
CR055,Proliferative Tumor,0,0.006872852233676976,0.030927835051546393,0.3230240549828179,0,0.07216494845360824,0.027491408934707903,0,0.5326460481099656,0.006872852233676976
CR055,Stromal,0.024943310657596373,0.027210884353741496,0.017006802721088437,0.005668934240362812,0.046485260770975055,0.06575963718820861,0.0045351473922902496,0,0,0.808390022675737
CR056,Bulk Tumor,0.006031613976705491,0.0037437603993344427,0.01019134775374376,0.6955074875207987,0.016638935108153077,0.024334442595673876,0.012063227953410981,0.003535773710482529,0.14538269550748753,0.08257071547420965
CR056,CD8+ T cell enriched,0.03501945525291829,0.12062256809338522,0.5291828793774319,0.042801556420233464,0.058365758754863814,0.01556420233463035,0.007782101167315175,0.007782101167315175,0.04669260700389105,0.13618677042801555
CR056,Immune-enriched stromal,0.023663453111305872,0.021618463336254747,0.04265264387963774,0.12620508326029797,0.10049664037394099,0.02337131171487,0.009348524685947998,0.01782062518258837,0.04586619924043237,0.588957055214724
CR056,Mixed Immune,0.05330700888450148,0.0700888450148075,0.06811451135241856,0.045409674234945706,0.4817374136229023,0.04244817374136229,0.004935834155972359,0.01678183613030602,0.019743336623889437,0.19743336623889438
CR056,NK-cell enriched,0.029411764705882353,0,0.058823529411764705,0.11764705882352941,0.17647058823529413,0.35294117647058826,0,0.058823529411764705,0,0.20588235294117646
CR056,P53+ Tumor,0,0,0,0,0,0,1,0,0,0
CR056,Proliferative Tumor,0.006916825177243645,0.003631333218052914,0.017983745460833478,0.2624935154763963,0.016427459795953656,0.02109631679059312,0.005879301400657099,0.01850250734912675,0.5773819816704133,0.06968701366072973
CR056,Stromal,0.02097130242825607,0.01582045621780721,0.01582045621780721,0.011037527593818985,0.0504047093451067,0.01545253863134658,0.005886681383370125,0.0033112582781456954,0.006254598969830758,0.8550404709345106
CR057,Bulk Tumor,0,0,0.006224066390041493,0.7372060857538036,0.009681881051175657,0.020055325034578148,0.13416320885200553,6.915629322268327e-4,0.058091286307053944,0.0338865836791148
CR057,CD8+ T cell enriched,0.041223404255319146,0.03324468085106383,0.5478723404255319,0.03324468085106383,0.08643617021276596,0.2047872340425532,0.0026595744680851063,0,0,0.05053191489361702
CR057,Immune-enriched stromal,0.036251105216622455,0.05702917771883289,0.01989389920424403,0.11007957559681697,0.09328028293545534,0.028293545534924844,0.04288240495137047,0.011052166224580018,0.01768346595932803,0.583554376657825
CR057,Mixed Immune,0.03872340425531915,0.09914893617021277,0.04382978723404255,0.02468085106382979,0.5502127659574468,0.0876595744680851,0.004680851063829788,0.005531914893617021,8.51063829787234e-4,0.14468085106382977
CR057,NK-cell enriched,0.020156774916013438,0.036394176931690926,0.1103023516237402,0.05655095184770437,0.07446808510638298,0.635498320268757,0.0022396416573348264,5.599104143337066e-4,0.002799552071668533,0.06103023516237402
CR057,P53+ Tumor,0.002113271344040575,0.00422654268808115,0.0038038884192730348,0.3047337278106509,0.00507185122569738,0.006762468300929839,0.5135249366018597,4.2265426880811494e-4,0.12087912087912088,0.038461538461538464
CR057,Proliferative Tumor,0.003125,0.00625,0.00625,0.253125,0.01875,0.0125,0.18125,0,0.5,0.01875
CR057,Stromal,0.018847408481333816,0.038057267125770206,0.014135556361000362,0.009061254077564335,0.03624501631025734,0.004349401957230881,0.0032620514679231605,0.010148604566872055,3.624501631025734e-4,0.8655309894889452
CR058,Bulk Tumor,0.0036685369011653,0.0043159257660768235,0.03495899870522227,0.8379369874838153,0.01078981441519206,0.05610703495899871,0.006689684937419077,6.473888649115235e-4,0.007768666378938282,0.03711696158826068
CR058,CD8+ T cell enriched,0.021814006888633754,0.10677382319173363,0.5585533869115958,0.03673938002296211,0.11308840413318025,0.053386911595866816,0.001722158438576349,0.016073478760045924,0.001722158438576349,0.09012629161882893
CR058,Immune-enriched stromal,0.05750798722044728,0.08945686900958466,0.07587859424920128,0.07108626198083066,0.07028753993610223,0.06469648562300319,0.006389776357827476,0.035942492012779555,0.02875399361022364,0.5
CR058,Mixed Immune,0.03290246768507638,0.14806110458284372,0.11045828437132785,0.05170387779083431,0.4007050528789659,0.05875440658049354,0.005875440658049354,0.03055229142185664,0.005875440658049354,0.15511163337250294
CR058,NK-cell enriched,0.011494252873563218,0.01532567049808429,0.06321839080459771,0.2624521072796935,0.013409961685823755,0.5325670498084292,0.007662835249042145,0.005747126436781609,0.0038314176245210726,0.0842911877394636
CR058,Proliferative Tumor,0.0031847133757961785,0.022292993630573247,0.03503184713375796,0.2197452229299363,0.009554140127388535,0.028662420382165606,0.0031847133757961785,0.006369426751592357,0.60828025477707,0.06369426751592357
CR058,Stromal,0.013651877133105802,0.034129692832764506,0.023890784982935155,0.023890784982935155,0.040955631399317405,0.020477815699658702,0.0034129692832764505,0.010238907849829351,0.017064846416382253,0.8122866894197952
CR059,Bulk Tumor,0.0035398230088495575,0.009203539823008849,0.04460176991150443,0.7748672566371682,0.009203539823008849,0.037876106194690264,0.016991150442477877,0.002831858407079646,0.06407079646017699,0.036814159292035395
CR059,CD8+ T cell enriched,0.03166666666666667,0.11166666666666666,0.5466666666666666,0.04533333333333334,0.05733333333333333,0.081,0.0033333333333333335,0.025,0.008666666666666666,0.08933333333333333
CR059,Immune-enriched stromal,0.037852112676056336,0.05237676056338028,0.053257042253521125,0.10827464788732394,0.07922535211267606,0.08846830985915492,0.011003521126760563,0.022887323943661973,0.03125,0.5154049295774648
CR059,Mixed Immune,0.0631786771964462,0.12142152023692004,0.07996051332675222,0.03257650542941757,0.36623889437314905,0.08588351431391905,0.0019743336623889436,0.04639684106614018,0.004935834155972359,0.19743336623889438
CR059,NK-cell enriched,0.009160864785635764,0.04067423964822279,0.05130084279956028,0.026383290582631,0.01905459875412239,0.7442286551850494,0.001832172957127153,0.009160864785635764,7.328691828508611e-4,0.09747160131916453
CR059,P53+ Tumor,0.03333333333333333,0,0,0.26666666666666666,0,0,0.3333333333333333,0.03333333333333333,0.2,0.13333333333333333
CR059,Proliferative Tumor,0.00724200362100181,0.004224502112251056,0.024743512371756187,0.24502112251056127,0.015087507543753771,0.011466505733252867,0.025347012673506336,0.018105009052504527,0.5986722993361496,0.05009052504526252
CR059,Stromal,0.020578778135048232,0.0090032154340836,0.0077170418006430866,0.017363344051446947,0.037942122186495175,0.04051446945337621,0.003215434083601286,0.0077170418006430866,6.430868167202572e-4,0.8553054662379421
CR060,Bulk Tumor,0.03376906318082789,0.0196078431372549,0.026143790849673203,0.6220043572984749,0.04139433551198257,0.08061002178649238,0.004357298474945534,0.0032679738562091504,0.04793028322440087,0.12091503267973856
CR060,CD8+ T cell enriched,0.06394956090970502,0.1551452375591083,0.43886512046836296,0.026795766719207387,0.07565863544246791,0.050889439315469485,0.003377617653681603,0.053591533438414773,0.05156496284620581,0.08016212564737672
CR060,Immune-enriched stromal,0.07021433850702144,0.0672579453067258,0.0672579453067258,0.1325449618132545,0.07686622320768663,0.04705592510470559,0.005420054200542005,0.020202020202020204,0.021926582902192657,0.4912540034491254
CR060,Mixed Immune,0.06598749710581153,0.13753183607316508,0.07385968974299606,0.05718916415836999,0.3864320444547349,0.08728872424172263,0.005093771706413522,0.031951840703866634,0.033341051169252144,0.12132438064366752
CR060,NK-cell enriched,0.015216982904377232,0.015216982904377232,0.038136389254179975,0.1469096374225061,0.04057862107833928,0.6723652075897051,0.0033815517565282736,0.0033815517565282736,0.011459703174901371,0.053353372158557205
CR060,Proliferative Tumor,0.02666666666666667,0.044444444444444446,0.06222222222222222,0.15851851851851853,0.04888888888888889,0.014814814814814815,0.002962962962962963,0.03851851851851852,0.5585185185185185,0.044444444444444446
CR060,Stromal,0.03429310902620511,0.02296991264962795,0.017793594306049824,0.0634098997088321,0.017470074409576188,0.008735037204788094,0.0016175994823681655,0.002264639275315432,6.470397929472663e-4,0.8307990941442899
CR067,Bulk Tumor,0.004620554466535984,0.01722206664799776,0.00854102492299076,0.6848221786614394,0.019182301876225147,0.00784094091290955,0.029543545225427053,0.002100252030243629,0.058807056846821616,0.16732007840940913
CR067,CD8+ T cell enriched,0.020253164556962026,0.26329113924050634,0.3822784810126582,0.10126582278481013,0.02531645569620253,0.012658227848101266,0.020253164556962026,0.0379746835443038,0.043037974683544304,0.09367088607594937
CR067,Immune-enriched stromal,0.014982876712328766,0.0389554794520548,0.01983447488584475,0.2497146118721461,0.05194063926940639,0.052083333333333336,0.019263698630136987,0.007990867579908675,0.05037100456621005,0.4948630136986301
CR067,Mixed Immune,0.026499302649930265,0.11715481171548117,0.02092050209205021,0.12691771269177127,0.34309623430962344,0.13389121338912133,0.011157601115760111,0.015341701534170154,0.026499302649930265,0.17852161785216178
CR067,NK-cell enriched,0.015434192672998642,0.0037313432835820895,0.0039009497964721846,0.10362957937584803,0.09565807327001356,0.5834464043419267,0.0030529172320217096,0,0.005257801899592945,0.18588873812754408
CR067,P53+ Tumor,0,0.020618556701030927,0.041237113402061855,0.28865979381443296,0.030927835051546393,0.010309278350515464,0.31958762886597936,0,0.18556701030927836,0.10309278350515463
CR067,Proliferative Tumor,0.0048,0.0288,0.0128,0.2696,0.02,0.0072,0.0344,0.012,0.4568,0.1536
CR067,Stromal,0.0055415617128463475,0.012090680100755667,0.00654911838790932,0.08261964735516372,0.02367758186397985,0.030730478589420653,0.0055415617128463475,0.003526448362720403,0.004534005037783375,0.8251889168765743
CR077,Bulk Tumor,0,0.0017490161783996502,0.052470485351989504,0.7533887188456493,0.011805859204197638,0.017052907739396588,0.004809794490599038,0.004372540445999125,0.09969392216878006,0.05465675557498907
CR077,CD8+ T cell enriched,0.0165710643722116,0.041427660930529,0.5258126195028681,0.05417463352453792,0.07265774378585087,0.027405991077119184,0.012746972594008922,0.026131293817718292,0.022944550669216062,0.2001274697259401
CR077,Immune-enriched stromal,0.01639344262295082,0.04362322867463184,0.17032509030286191,0.07168657960544596,0.08752431230897471,0.01611558766323979,0.011392053348152265,0.025284801333703807,0.018060572381217006,0.5395943317588219
CR077,Mixed Immune,0.025757575757575757,0.12121212121212122,0.11212121212121212,0.022727272727272728,0.4090909090909091,0.013636363636363636,0.03484848484848485,0.025757575757575757,0.012121212121212121,0.22272727272727272
CR077,NK-cell enriched,0,0,0.2727272727272727,0.2727272727272727,0,0.18181818181818182,0,0,0.2727272727272727,0
CR077,P53+ Tumor,8.024072216649949e-4,0.0028084252758274826,0.01805416248746239,0.08284854563691073,0.005416248746238716,0.0014042126379137413,0.6567703109327984,6.018054162487463e-4,0.21845536609829488,0.012838515546639919
CR077,Proliferative Tumor,0,0.0011673151750972762,0.0377431906614786,0.13463035019455252,0.007392996108949416,0.010116731517509728,0.14591439688715954,0.005447470817120622,0.642023346303502,0.01556420233463035
CR077,Stromal,0.008408408408408409,0.021621621621621623,0.06156156156156156,0.017417417417417418,0.03453453453453453,0.004204204204204204,0.0018018018018018018,0.012012012012012012,0.003003003003003003,0.8354354354354354
CR079,Bulk Tumor,0.00945780088080283,0.0041874232907371306,0.004259620244025702,0.7725795971410007,0.006714316655837124,0.016821890116237095,0.007436286188722836,8.663634394628547e-4,0.09248429716265974,0.08519240488051404
CR079,CD8+ T cell enriched,0,0.3333333333333333,0.25,0.08333333333333333,0,0,0,0.08333333333333333,0,0.25
CR079,Immune-enriched stromal,0.029886431560071727,0.05678421996413628,0.017334130304841603,0.2492528392109982,0.04363419007770472,0.023311416616855946,0.011954572624028692,0.008368200836820083,0.06455469216975493,0.4949193066347878
CR079,Mixed Immune,0.017857142857142856,0.25892857142857145,0.026785714285714284,0.11607142857142858,0.39285714285714285,0,0,0.03571428571428571,0.008928571428571428,0.14285714285714285
CR079,NK-cell enriched,0,0,0,0.5,0,0.25,0,0,0.16666666666666666,0.08333333333333333
CR079,P53+ Tumor,0.1111111111111111,0,0,0.2222222222222222,0,0.1111111111111111,0.4444444444444444,0,0,0.1111111111111111
CR079,Proliferative Tumor,0.014202476329206118,3.641660597232338e-4,0.0029133284777858705,0.30699198834668606,0.001820830298616169,0.02403495994173343,0.005826656955571741,0.0021849963583394027,0.557538237436271,0.08412235979606701
CR079,Stromal,0.004338394793926247,0.049891540130151846,0.01735357917570499,0.026030368763557483,0.01735357917570499,0.010845986984815618,0.004338394793926247,0.010845986984815618,0.0021691973969631237,0.8568329718004338
CR080,Bulk Tumor,0.008729388942774006,0.012609117361784675,0.025703200775945685,0.7710960232783706,0.03540252182347236,0.029582929194956354,0.02424830261881668,0.0038797284190106693,0.029097963142580018,0.05965082444228904
CR080,CD8+ T cell enriched,0.09702970297029703,0.1495049504950495,0.41386138613861384,0.0594059405940594,0.07128712871287128,0.04356435643564356,0.01287128712871287,0.041584158415841586,0.016831683168316833,0.09405940594059406
CR080,Immune-enriched stromal,0.029029793735676088,0.04736440030557677,0.057295645530939646,0.13521772345301758,0.09663865546218488,0.07028265851795264,0.02482811306340718,0.02215431627196333,0.02215431627196333,0.4950343773873186
CR080,Mixed Immune,0.07811568276684555,0.13774597495527727,0.06440071556350627,0.09183064997018485,0.3625521765056649,0.04531902206320811,0.007751937984496124,0.029218843172331546,0.014311270125223614,0.1687537268932618
CR080,NK-cell enriched,0.04986149584487535,0.04155124653739612,0.0332409972299169,0.1523545706371191,0.04986149584487535,0.49584487534626037,0.013850415512465374,0.01662049861495845,0.00554016620498615,0.14127423822714683
CR080,P53+ Tumor,0,0,0.012345679012345678,0.30864197530864196,0,0.037037037037037035,0.3950617283950617,0,0.1728395061728395,0.07407407407407407
CR080,Proliferative Tumor,0.010273972602739725,0.0136986301369863,0.030821917808219176,0.2636986301369863,0.04794520547945205,0.017123287671232876,0.030821917808219176,0.010273972602739725,0.5342465753424658,0.0410958904109589
CR080,Stromal,0.01835985312117503,0.012851897184822521,0.0208078335373317,0.025703794369645042,0.03488372093023256,0.038555691554467565,0.0030599755201958386,0.009179926560587515,0.0018359853121175031,0.8347613219094248
CR081,Bulk Tumor,0.003556345854634363,0.005112247166036897,0.009113136252500556,0.7452767281618138,0.003556345854634363,0.020893531895976883,0.07246054678817515,6.668148477439431e-4,0.0969104245387864,0.04245387863969771
CR081,CD8+ T cell enriched,0.07967032967032966,0.22802197802197802,0.36813186813186816,0.016483516483516484,0.06868131868131869,0.019230769230769232,0.016483516483516484,0.03021978021978022,0.008241758241758242,0.16483516483516483
CR081,Immune-enriched stromal,0.03406640793445451,0.12419146183699871,0.06080206985769728,0.08193186718413109,0.0474342388960759,0.030185424752048298,0.047865459249676584,0.02199223803363519,0.027166882276843468,0.5243639499784389
CR081,Mixed Immune,0.07386363636363637,0.26325757575757575,0.056818181818181816,0.020833333333333332,0.29734848484848486,0.03409090909090909,0.017045454545454544,0.03598484848484849,0.003787878787878788,0.19696969696969696
CR081,NK-cell enriched,0.024390243902439025,0,0.018292682926829267,0.18902439024390244,0.006097560975609756,0.6036585365853658,0.04878048780487805,0.012195121951219513,0.054878048780487805,0.042682926829268296
CR081,P53+ Tumor,0.004223227752639517,0.009351432880844645,0.011161387631975868,0.21508295625942686,0.005429864253393665,0.01689291101055807,0.48627450980392156,0.0024132730015082957,0.21568627450980393,0.0334841628959276
CR081,Proliferative Tumor,0.0012620950778291964,0.005889777029869584,0.008834665544804375,0.2536811106436685,0.0016827934371055953,0.03155237694572991,0.15902397980647875,0.002524190155658393,0.5098864114429954,0.02566259991586033
CR081,Stromal,0.01,0.06666666666666667,0.025555555555555557,0.014444444444444444,0.02,0.008888888888888889,0.0033333333333333335,0.005555555555555556,0.0011111111111111111,0.8444444444444444
CR082,Bulk Tumor,0.002108433734939759,0.010090361445783132,0.047289156626506026,0.7284638554216868,0.007530120481927711,0.007680722891566265,0.01355421686746988,0.002710843373493976,0.14698795180722893,0.03358433734939759
CR082,CD8+ T cell enriched,0.024724602203182375,0.1723378212974296,0.45777233782129745,0.05091799265605875,0.08151774785801713,0.02594859241126071,0.006119951040391677,0.03255813953488372,0.03402692778457772,0.11407588739290085
CR082,Immune-enriched stromal,0.03608786610878661,0.13467573221757323,0.10355648535564854,0.04707112970711297,0.09335774058577406,0.02405857740585774,0.003922594142259414,0.02641213389121339,0.011244769874476987,0.5196129707112971
CR082,Mixed Immune,0.017758484609313337,0.17758484609313338,0.09431728492501973,0.020520915548539857,0.4108129439621152,0.055248618784530384,0.003551696921862668,0.0643251775848461,0.0015785319652722968,0.15430149960536702
CR082,NK-cell enriched,0.007575757575757576,0.01997245179063361,0.05509641873278237,0.13292011019283748,0.08057851239669421,0.6108815426997245,0.008264462809917356,0.02203856749311295,0.008953168044077135,0.05371900826446281
CR082,P53+ Tumor,0,0.02702702702702703,0.05405405405405406,0.24324324324324326,0.02702702702702703,0,0.35135135135135137,0,0.21621621621621623,0.08108108108108109
CR082,Proliferative Tumor,0.0010605578534309047,0.009651076466221232,0.05578534309046559,0.240322409587443,0.003711952487008166,0.002439283062891081,0.02948350832537915,0.005196733481811433,0.6329409269275639,0.019408208717785556
CR082,Stromal,0.012691466083150985,0.04945295404814004,0.027133479212253828,0.00350109409190372,0.035448577680525166,0.006564551422319475,0.00262582056892779,0.008315098468271335,4.37636761487965e-4,0.8538293216630197
CR084,Bulk Tumor,0.0026838432635534087,0.012345679012345678,0.0042941492216854536,0.6586151368760065,0.011808910359634998,0.03864734299516908,0.04294149221685454,0.0026838432635534087,0.11057434245840043,0.11540526033279656
CR084,CD8+ T cell enriched,0,0.25,0,0.25,0,0,0,0,0,0.5
CR084,Immune-enriched stromal,0.019351830263464678,0.03404056889717883,0.016320820704126836,0.23082303567265097,0.020051294007927257,0.029610631848915832,0.0470972254604803,0.016320820704126836,0.09979016087666123,0.48659361156446723
CR084,Mixed Immune,0.07142857142857142,0.09523809523809523,0,0.16666666666666666,0.3333333333333333,0.047619047619047616,0.023809523809523808,0.047619047619047616,0.07142857142857142,0.14285714285714285
CR084,NK-cell enriched,0,0,0,0.4166666666666667,0.041666666666666664,0.4166666666666667,0,0,0.08333333333333333,0.041666666666666664
CR084,P53+ Tumor,0,0.043478260869565216,0.021739130434782608,0.2608695652173913,0,0.043478260869565216,0.2608695652173913,0,0.17391304347826086,0.1956521739130435
CR084,Proliferative Tumor,0.002533783783783784,0.009290540540540541,0.004222972972972973,0.27533783783783783,0.02195945945945946,0.04307432432432432,0.033783783783783786,0.013513513513513514,0.47381756756756754,0.12246621621621621
CR084,Stromal,0.010454362685967028,0.015681544028950542,0.010320332395121297,0.03283742125720413,0.009784211231738373,0.004422999597909127,0.019032301300093823,0.003082696689451816,0.00938212035920118,0.8850020104543627
CR094,Bulk Tumor,0.006110868616324749,0.001745962461807071,0.01069402007856831,0.757529463116543,0.004801396769969445,0.010912265386294195,0.12636403317328676,6.547359231776517e-4,0.03775643823657791,0.043430816237450896
CR094,CD8+ T cell enriched,0.05,0.3,0.35,0.03333333333333333,0.05,0.05,0.016666666666666666,0.016666666666666666,0,0.13333333333333333
CR094,Immune-enriched stromal,0.028920570264765785,0.0814663951120163,0.021588594704684317,0.13156822810590632,0.06883910386965376,0.026069246435845215,0.06639511201629328,0.004887983706720978,0.018329938900203666,0.5519348268839104
CR094,Mixed Immune,0.021352313167259787,0.1708185053380783,0.046263345195729534,0.0498220640569395,0.3879003558718861,0.03914590747330961,0.028469750889679714,0.0071174377224199285,0.0035587188612099642,0.24555160142348753
CR094,NK-cell enriched,0.020833333333333332,0.020833333333333332,0,0.10416666666666667,0,0.6458333333333334,0.041666666666666664,0,0.041666666666666664,0.125
CR094,P53+ Tumor,0.007506127450980392,0.0055147058823529415,0.009497549019607842,0.2503063725490196,0.007965686274509803,0.00428921568627451,0.5606617647058824,0.0015318627450980392,0.10094975490196079,0.05177696078431373
CR094,Proliferative Tumor,0.006273525721455458,0.002509410288582183,0.005018820577164366,0.23086574654956085,0,0.00878293601003764,0.17063989962358847,0.0075282308657465494,0.5407779171894604,0.027603513174404015
CR094,Stromal,0.016361256544502618,0.03468586387434555,0.0058900523560209425,0.018979057591623036,0.03599476439790576,0.012434554973821989,0.004581151832460733,6.544502617801048e-4,0,0.8704188481675392
CR096,Bulk Tumor,0.002936857562408223,0.005873715124816446,0.010279001468428781,0.8201174743024964,0.005873715124816446,0.0513950073421439,0.016886930983847283,0,0.03010279001468429,0.0565345080763583
CR096,CD8+ T cell enriched,0.024096385542168676,0.024096385542168676,0.39759036144578314,0.060240963855421686,0.18072289156626506,0.12048192771084337,0.012048192771084338,0.024096385542168676,0,0.1566265060240964
CR096,Immune-enriched stromal,0.02410065567960305,0.01789828105617579,0.028708133971291867,0.1722488038277512,0.08399787347155768,0.13007265638844587,0.013290802764486975,0.005670742512847776,0.008683324472798157,0.5153287258550416
CR096,Mixed Immune,0.02028740490278952,0.05156382079459002,0.04311073541842773,0.0650887573964497,0.4640743871513102,0.1293322062552832,0.009298393913778529,0.005917159763313609,0.00253592561284869,0.2087912087912088
CR096,NK-cell enriched,0.017358490566037735,0.012830188679245283,0.03471698113207547,0.12377358490566037,0.06641509433962264,0.49735849056603776,0.012830188679245283,0.004528301886792453,0.0022641509433962265,0.22792452830188678
CR096,P53+ Tumor,0,0,0,0,0,0,1,0,0,0
CR096,Proliferative Tumor,0,0,0,0.5625,0.0625,0.125,0,0,0.25,0
CR096,Stromal,0.01578369475706835,0.008646719736480922,0.00837222069722756,0.04199835300576448,0.03143013999451002,0.04968432610485863,0.007548723579467472,0.0028822399121603073,0.002333241833653582,0.8313203403788086
CR097,Bulk Tumor,0.004393673110720563,0.022847100175746926,0.007908611599297012,0.6766256590509666,0.0017574692442882249,0.05799648506151142,0.09402460456942004,0.007029876977152899,0.10808435852372583,0.019332161687170474
CR097,CD8+ T cell enriched,0.1212856276531231,0.2692540933899333,0.27835051546391754,0.01758641600970285,0.031534263189812006,0.05942995755003032,0.012734990903577926,0.10187992722862341,0.013341419041843541,0.09460278956943602
CR097,Immune-enriched stromal,0.06404593639575971,0.2045053003533569,0.04151943462897526,0.023851590106007067,0.038869257950530034,0.05786219081272085,0.018551236749116608,0.07332155477031801,0.014134275618374558,0.463339222614841
CR097,Mixed Immune,0.1159860990443093,0.3501303214596003,0.02693310165073849,0.015638575152041704,0.14465682015638576,0.061251086012163336,0.015638575152041704,0.12076455256298871,0.009122502172024326,0.13987836663770634
CR097,NK-cell enriched,0.0313124583610926,0.06995336442371752,0.041305796135909394,0.060626249167221855,0.04596935376415723,0.5376415722851432,0.037308461025982675,0.04197201865423051,0.04397068620919387,0.0899400399733511
CR097,P53+ Tumor,0.0024543223343332426,0.04145077720207254,0.011453504226888464,0.186801199890919,0.004090537223888737,0.032178892827924736,0.4851377147532043,0.01745295882192528,0.20779929097354785,0.011180801745295883
CR097,Proliferative Tumor,0.0018617021276595746,0.027393617021276597,0.011702127659574468,0.1651595744680851,0.0013297872340425532,0.04601063829787234,0.14867021276595746,0.022606382978723406,0.5680851063829787,0.007180851063829787
CR097,Stromal,0.013333333333333334,0.04888888888888889,0.008888888888888889,0.008888888888888889,0.013333333333333334,0.022222222222222223,0.0044444444444444444,0.022222222222222223,0,0.8577777777777778
CR100,Bulk Tumor,0.008097165991902834,0.0020242914979757085,0.013157894736842105,0.7344804318488529,0.010121457489878543,0.043522267206477734,0.018893387314439947,0.002699055330634278,0.11403508771929824,0.052968960863697706
CR100,CD8+ T cell enriched,0,0,0.4,0,0,0,0,0,0.2,0.4
CR100,Immune-enriched stromal,0.03554868624420402,0.04095826893353941,0.027820710973724884,0.1205564142194745,0.09428129829984544,0.020865533230293665,0.012364760432766615,0.017001545595054096,0.019319938176197836,0.6112828438948995
CR100,Mixed Immune,0.014388489208633094,0.03597122302158273,0.017985611510791366,0.014388489208633094,0.6294964028776978,0.025179856115107913,0.0035971223021582736,0.01079136690647482,0.007194244604316547,0.24100719424460432
CR100,NK-cell enriched,0.003367003367003367,0,0.02356902356902357,0.2962962962962963,0.02356902356902357,0.44107744107744107,0.020202020202020204,0.010101010101010102,0.10437710437710437,0.07744107744107744
CR100,P53+ Tumor,0,0,0.058823529411764705,0.5294117647058824,0,0.058823529411764705,0.23529411764705882,0,0.11764705882352941,0
CR100,Proliferative Tumor,0.002688172043010753,0.005376344086021506,0.00985663082437276,0.31899641577060933,0.00985663082437276,0.05197132616487455,0.021505376344086023,0.0062724014336917565,0.525089605734767,0.04838709677419355
CR100,Stromal,0.017828843106180665,0.013074484944532488,0.00792393026941363,0.020206022187004756,0.033676703645007924,0.005546751188589541,0.0035657686212361333,0.0027733755942947703,3.961965134706815e-4,0.8950079239302694
CR101,Bulk Tumor,0.009716599190283401,0.012955465587044534,0.03724696356275304,0.6939271255060728,0.0340080971659919,0.008097165991902834,0.008906882591093117,0.004858299595141701,0.16680161943319838,0.02348178137651822
CR101,CD8+ T cell enriched,0.07626774847870182,0.20446247464503042,0.5214334009465855,0.04192021636240703,0.05314401622718053,0.02434077079107505,0.0021636240703177823,0.02339418526031102,0.006896551724137931,0.04597701149425287
CR101,Immune-enriched stromal,0.07591623036649214,0.09358638743455497,0.0899869109947644,0.07984293193717278,0.0768979057591623,0.05235602094240838,0.005235602094240838,0.008835078534031414,0.011452879581151832,0.5058900523560209
CR101,Mixed Immune,0.1059233449477352,0.19477351916376306,0.0770034843205575,0.06933797909407666,0.3397212543554007,0.04076655052264808,0.003484320557491289,0.01602787456445993,0.014285714285714285,0.13867595818815331
CR101,NK-cell enriched,0.0440771349862259,0.1046831955922865,0.06060606060606061,0.0440771349862259,0.06611570247933884,0.5509641873278237,0.005509641873278237,0.013774104683195593,0.008264462809917356,0.10192837465564739
CR101,Proliferative Tumor,0.0017301038062283738,0.001384083044982699,0.03356401384083045,0.28269896193771626,0.02698961937716263,0.005536332179930796,0.005536332179930796,0.011764705882352941,0.6055363321799307,0.025259515570934254
CR101,Stromal,0.01716937354988399,0.024129930394431554,0.02459396751740139,0.01577726218097448,0.014385150812064965,0.008816705336426913,0.005104408352668214,0.0013921113689095127,4.640371229698376e-4,0.8881670533642692
CR102,Bulk Tumor,0.005472281703545087,0.015465143944801332,0.023554603854389723,0.8206043302403045,0.009517011658339281,0.017844396859386154,0.01974779919105401,0.0021413276231263384,0.05281941470378301,0.03283369022127052
CR102,CD8+ T cell enriched,0.14209115281501342,0.23827077747989275,0.3693029490616622,0.03485254691689008,0.05596514745308311,0.020107238605898123,0.00871313672922252,0.018431635388739945,0.009048257372654156,0.1032171581769437
CR102,Immune-enriched stromal,0.0614445310470252,0.06767991686152247,0.06443232008313848,0.12314886983632112,0.08352818914003637,0.024551831644583008,0.026630293582748765,0.018965965185762535,0.036632891660171474,0.4929851909586906
CR102,Mixed Immune,0.14149560117302054,0.22067448680351906,0.062316715542521994,0.04227761485826002,0.28885630498533726,0.02761485826001955,0.015884652981427175,0.01735092864125122,0.01466275659824047,0.16886608015640273
CR102,NK-cell enriched,0.02771362586605081,0.04849884526558892,0.05542725173210162,0.11778290993071594,0.018475750577367205,0.6466512702078522,0.004618937644341801,0.0023094688221709007,0.013856812933025405,0.06466512702078522
CR102,P53+ Tumor,0.0027950310559006213,0.0068322981366459624,0.004347826086956522,0.14906832298136646,0.015838509316770187,0.003105590062111801,0.5173913043478261,0.004347826086956522,0.24378881987577639,0.052484472049689444
CR102,Proliferative Tumor,0.007057379564283523,0.010432648051549556,0.009205277692543725,0.15403498005523167,0.01472844430806996,0.006443694384780607,0.15127339674746854,0.012580546179809757,0.5876035593740411,0.04664007364222154
CR102,Stromal,0.011539992041384799,0.016116195781933945,0.014723438121766812,0.030242737763629127,0.03183446080382014,0.007560684440907282,0.007958615200955034,0.005372065260644648,0.002785515320334262,0.871866295264624
CR109,Bulk Tumor,0.011658940862480685,1.4046916701783958e-4,0.04677623261694058,0.7779884815283046,0.0016153954207051551,0.021632251720747297,0.01039471835932013,1.4046916701783958e-4,0.07234162101418738,0.05731142014327855
CR109,CD8+ T cell enriched,0.0784313725490196,0.00980392156862745,0.38235294117647056,0.35294117647058826,0,0.049019607843137254,0.00980392156862745,0,0.0196078431372549,0.09803921568627451
CR109,Immune-enriched stromal,0.0790653764455983,0.07717724805286759,0.036818503658248763,0.11918810479112579,0.08827000236016048,0.03186216662733066,0.008260561718196837,0.003304224687278735,0.02336558886004248,0.5326882227991503
CR109,Mixed Immune,0.059574468085106386,0.1049645390070922,0.01702127659574468,0.0425531914893617,0.4808510638297872,0.03687943262411347,0.0070921985815602835,0.009929078014184398,0.01276595744680851,0.22836879432624113
CR109,NK-cell enriched,0.03007518796992481,0.015037593984962405,0.022556390977443608,0.24060150375939848,0.05263157894736842,0.43609022556390975,0.03007518796992481,0.007518796992481203,0.045112781954887216,0.12030075187969924
CR109,P53+ Tumor,0,0,0,0.75,0,0,0.25,0,0,0
CR109,Proliferative Tumor,0.012948207171314742,0,0.04880478087649402,0.3157370517928287,0.00199203187250996,0.03386454183266932,0.01195219123505976,0,0.5099601593625498,0.0647410358565737
CR109,Stromal,0.023433604786438425,0.04005318264916071,0.007811201595479475,0.004321090244307795,0.035067309290344024,0.005318264916071132,0.005816852251952801,0.0024929366794083432,3.3239155725444574e-4,0.8753531660295828
CR110,Bulk Tumor,0.004415954415954416,0.004558404558404558,0.0547008547008547,0.7293447293447294,0.008547008547008548,0.007834757834757835,0.015954415954415956,0.0019943019943019944,0.11367521367521367,0.05897435897435897
CR110,CD8+ T cell enriched,0.01643489254108723,0.09987357774968394,0.47703329119258325,0.10450906026127266,0.048883270122208174,0.029498525073746312,0.007163927517909819,0.020227560050568902,0.06784660766961652,0.12852928782132322
CR110,Immune-enriched stromal,0.011719987329743428,0.05131453911941717,0.11846689895470383,0.1482420019005385,0.059233449477351915,0.010769718086791258,0.015837820715869498,0.017104846373139058,0.07000316756414317,0.4973075704783022
CR110,Mixed Immune,0.03159041394335512,0.18191721132897604,0.0915032679738562,0.04357298474945534,0.36056644880174293,0.06862745098039216,0.0032679738562091504,0.02505446623093682,0.03159041394335512,0.16230936819172112
CR110,NK-cell enriched,0.02071563088512241,0.047080979284369114,0.08851224105461393,0.09227871939736347,0.08662900188323917,0.536723163841808,0.011299435028248588,0.009416195856873822,0.03389830508474576,0.07344632768361582
CR110,P53+ Tumor,0,0.018518518518518517,0.1111111111111111,0.25925925925925924,0.05555555555555555,0,0.2037037037037037,0,0.24074074074074073,0.1111111111111111
CR110,Proliferative Tumor,0.004317627182278956,0.006007133470996809,0.0672048057067768,0.2737000187722921,0.007696639759714661,0.004880795945184907,0.02158813591139478,0.006382579312934109,0.5445841937300544,0.06363807020837245
CR110,Stromal,0,0.034904013961605584,0.031413612565445025,0.006980802792321117,0.02617801047120419,0.005235602094240838,0.0034904013961605585,0.013961605584642234,0.0017452006980802793,0.8760907504363001
CR112,Bulk Tumor,0.013364243829264967,0.005454793399699986,0.019637256238919952,0.7557616255284331,0.0021819173598799945,0.017932633301513706,0.053320605482067365,4.09109504977499e-4,0.04152461475521615,0.09041320060002728
CR112,CD8+ T cell enriched,0.021621621621621623,0.13513513513513514,0.4648648648648649,0.12432432432432433,0.02702702702702703,0.01891891891891892,0.02702702702702703,0,0.03513513513513514,0.14594594594594595
CR112,Immune-enriched stromal,0.028873705091470133,0.08463742561163765,0.04320035265594005,0.166189111747851,0.03835133348027331,0.014326647564469915,0.03041657482918228,6.612298875909191e-4,0.009477628388803174,0.5838659907427816
CR112,Mixed Immune,0.020100502512562814,0.2613065326633166,0.02512562814070352,0.02512562814070352,0.4321608040201005,0.01507537688442211,0.002512562814070352,0.010050251256281407,0.002512562814070352,0.20603015075376885
CR112,NK-cell enriched,0.03125,0.03125,0.09375,0.25,0,0.34375,0.125,0,0.0625,0.0625
CR112,P53+ Tumor,0.004858299595141701,0.012550607287449392,0.02834008097165992,0.2591093117408907,0.0032388663967611335,0.008906882591093117,0.5506072874493927,8.097165991902834e-4,0.07246963562753037,0.05910931174089069
CR112,Proliferative Tumor,0.007803790412486065,0.004459308807134894,0.013377926421404682,0.2976588628762542,0.0033444816053511705,0.03455964325529543,0.06020066889632107,0.004459308807134894,0.5351170568561873,0.03901895206243032
CR112,Stromal,0.00997506234413965,0.04551122194513716,0.018703241895261846,0.025561097256857856,0.028678304239401497,0.0012468827930174563,0.0024937655860349127,0,0,0.8678304239401496
CR113,Bulk Tumor,0.017477876106194692,0.006194690265486726,0.011504424778761062,0.7070796460176991,0.0024336283185840708,0.034292035398230086,0.018141592920353982,2.2123893805309734e-4,0.08694690265486725,0.11570796460176991
CR113,CD8+ T cell enriched,0.02564102564102564,0.10256410256410256,0.4358974358974359,0.1794871794871795,0.05128205128205128,0.07692307692307693,0.02564102564102564,0,0.02564102564102564,0.07692307692307693
CR113,Immune-enriched stromal,0.03087388801674516,0.0727367870225013,0.025379382522239664,0.1760858189429618,0.08398744113029827,0.047880690737833596,0.017006802721088437,0.004447933019361591,0.029304029304029304,0.5122972265829409
CR113,Mixed Immune,0.03278688524590164,0.1841109709962169,0.03278688524590164,0.027742749054224466,0.3896595208070618,0.07692307692307693,0.007566204287515763,0.007566204287515763,0.0012610340479192938,0.23959646910466584
CR113,NK-cell enriched,0.027918781725888325,0.015228426395939087,0.027918781725888325,0.14213197969543148,0.05583756345177665,0.5558375634517766,0.015228426395939087,0,0.025380710659898477,0.13451776649746192
CR113,P53+ Tumor,0,0.09090909090909091,0,0.36363636363636365,0,0.045454545454545456,0.3181818181818182,0,0.13636363636363635,0.045454545454545456
CR113,Proliferative Tumor,0.011475409836065573,0.002459016393442623,0.009836065573770493,0.3114754098360656,0.002459016393442623,0.06393442622950819,0.020491803278688523,8.19672131147541e-4,0.510655737704918,0.06639344262295081
CR113,Stromal,0.012824010914051841,0.040927694406548434,0.009004092769440655,0.012824010914051841,0.03847203274215553,0.019099590723055934,0.006275579809004093,0.0019099590723055935,5.457025920873125e-4,0.8581173260572987
CR115,Bulk Tumor,0.0025188916876574307,0.0016792611251049538,0.007556675062972292,0.7489504617968094,0.007556675062972292,0.052057094878253565,0.007556675062972292,0,0.14021830394626364,0.03190596137699412
CR115,CD8+ T cell enriched,0.03614457831325301,0.2289156626506024,0.39759036144578314,0.01606425702811245,0.11244979919678715,0.01606425702811245,0,0.020080321285140562,0,0.17269076305220885
CR115,Immune-enriched stromal,0.03305046895935686,0.07994640464493077,0.07860652076820009,0.08619919606967397,0.09513175524787852,0.06833407771326486,0.0031263957123715946,0.013398838767306834,0.006252791424743189,0.5359535506922734
CR115,Mixed Immune,0.0412621359223301,0.15776699029126215,0.05825242718446602,0.04854368932038835,0.34951456310679613,0.0703883495145631,0,0.012135922330097087,0.0024271844660194173,0.25970873786407767
CR115,NK-cell enriched,0.006578947368421052,0.05263157894736842,0.03289473684210526,0.14473684210526316,0.02631578947368421,0.5263157894736842,0,0,0.07894736842105263,0.13157894736842105
CR115,Proliferative Tumor,0.001364256480218281,0.002728512960436562,0.005457025920873124,0.3096862210095498,0.009549795361527967,0.03819918144611187,0.015006821282401092,0.009549795361527967,0.5879945429740792,0.020463847203274217
CR115,Stromal,0.021893814997263273,0.03229337712096333,0.019157088122605363,0.027914614121510674,0.04324028461959496,0.022441160372194856,0.004378762999452655,0.003284072249589491,0,0.8253968253968254
CR118,Bulk Tumor,0.2346345514950166,0.046511627906976744,0.03322259136212625,0.6025747508305648,0.03363787375415282,0.02117940199335548,0.007475083056478406,4.152823920265781e-4,0.004568106312292359,0.015780730897009966
CR118,CD8+ T cell enriched,0.09200666111573688,0.4071606994171524,0.36219816819317235,0.04475437135720233,0.02810158201498751,0.03517901748542881,0.0014571190674437969,0.00791007493755204,0.007077435470441299,0.014154870940882597
CR118,Immune-enriched stromal,0.027411167512690356,0.0883248730964467,0.046700507614213196,0.14923857868020304,0.09238578680203045,0.0700507614213198,0.013197969543147208,0.0020304568527918783,0.0010152284263959391,0.5096446700507614
CR118,Mixed Immune,0.25095541401273885,0.2917197452229299,0.041019108280254776,0.11057324840764331,0.2045859872611465,0.034394904458598725,0.007388535031847133,0.018089171974522294,0.019617834394904457,0.02165605095541401
CR118,NK-cell enriched,0.13836477987421383,0.1320754716981132,0.11949685534591195,0.0880503144654088,0.03773584905660377,0.4088050314465409,0,0.006289308176100629,0.012578616352201259,0.05660377358490566
CR118,P53+ Tumor,0.25,0,0,0.25,0,0,0.5,0,0,0
CR118,Proliferative Tumor,0.06192660550458716,0.07339449541284404,0.04357798165137615,0.05963302752293578,0.04357798165137615,0.0045871559633027525,0.006880733944954129,0.11238532110091744,0.5940366972477065,0
CR118,Stromal,0.0043859649122807015,0.013955342902711323,0.013157894736842105,0.041866028708133975,0.02631578947368421,0.024720893141945772,0.006379585326953748,0,0,0.8692185007974481
CR123,Bulk Tumor,0.023725391216557295,2.523977788995457e-4,0.01060070671378092,0.6945986875315497,0.02574457344775366,0.022463402322059567,0.0817768803634528,2.523977788995457e-4,0.0706713780918728,0.06991418475517415
CR123,CD8+ T cell enriched,0.03571428571428571,0.25,0.3392857142857143,0.017857142857142856,0.10714285714285714,0.05357142857142857,0,0.05357142857142857,0,0.14285714285714285
CR123,Immune-enriched stromal,0.035830618892508145,0.04104234527687296,0.02214983713355049,0.16807817589576549,0.06319218241042346,0.04364820846905537,0.04234527687296417,0.005211726384364821,0.021498371335504887,0.5570032573289903
CR123,Mixed Immune,0.02155887230514096,0.08623548922056384,0.01658374792703151,0.11774461028192372,0.47429519071310117,0.07296849087893864,0.04311774461028192,0,0.01824212271973466,0.14925373134328357
CR123,NK-cell enriched,0.006237006237006237,0.014553014553014554,0.033264033264033266,0.079002079002079,0.04365904365904366,0.7068607068607069,0.02702702702702703,0.002079002079002079,0.035343035343035345,0.05197505197505198
CR123,P53+ Tumor,0.033690658499234305,0,0.016845329249617153,0.332312404287902,0.03828483920367534,0.015313935681470138,0.4058192955589586,0,0.10107197549770292,0.05666156202143951
CR123,Proliferative Tumor,0.018151815181518153,0,0.02145214521452145,0.3102310231023102,0.0165016501650165,0.04950495049504951,0.0858085808580858,0.0016501650165016502,0.45544554455445546,0.041254125412541254
CR123,Stromal,0.00720164609053498,0.029835390946502057,0.009259259259259259,0.013374485596707819,0.04218106995884774,0.0205761316872428,0.006172839506172839,0.0030864197530864196,0.00102880658436214,0.8672839506172839
CR124,Bulk Tumor,0.0061749571183533445,0.021955403087478557,0.006289308176100629,0.7707261292166953,0.0029731275014293884,0.010520297312750143,0.07947398513436249,4.5740423098913663e-4,0.033962264150943396,0.06746712407089765
CR124,CD8+ T cell enriched,0.020440251572327043,0.37735849056603776,0.3443396226415094,0.012578616352201259,0.059748427672955975,0.015723270440251572,0.0031446540880503146,0,0.006289308176100629,0.16037735849056603
CR124,Immune-enriched stromal,0.026143790849673203,0.214960058097313,0.043815056886952315,0.08859840232389252,0.06124425078673445,0.02348099733720649,0.01355603969983055,0.00532558702493343,0.00823045267489712,0.5146453643185669
CR124,Mixed Immune,0.024625784645098986,0.4244326412361178,0.04104297440849831,0.01158860453887011,0.2742636407532593,0.02607436021245775,0.003380009657170449,0.0043457267020762915,0.0014485755673587638,0.18879768227909222
CR124,NK-cell enriched,0.013513513513513514,0.0945945945945946,0.05405405405405406,0.12837837837837837,0.033783783783783786,0.49324324324324326,0.02027027027027027,0,0.02702702702702703,0.13513513513513514
CR124,P53+ Tumor,0.0032921810699588477,0.02167352537722908,0.00823045267489712,0.28093278463648835,0.0043895747599451305,0.0013717421124828531,0.5626886145404664,0,0.09053497942386832,0.026886145404663924
CR124,Proliferative Tumor,0.004662004662004662,0.018648018648018648,0.011655011655011656,0.317016317016317,0.004662004662004662,0.011655011655011656,0.13053613053613053,0,0.46853146853146854,0.03263403263403263
CR124,Stromal,0.008049242424242424,0.10132575757575757,0.009943181818181818,0.0033143939393939395,0.04214015151515151,0.007575757575757576,4.734848484848485e-4,0.005208333333333333,4.734848484848485e-4,0.8214962121212122
CR137,Bulk Tumor,0.0036747084198753793,0.005432177664163604,0.0019172391755871545,0.7924588592426905,0.007349416839750759,0.02524364914523087,0.007029876977152899,0.0035149384885764497,0.05703786547371785,0.09634126857325451
CR137,CD8+ T cell enriched,0.0948905109489051,0.16058394160583941,0.4233576642335766,0.06569343065693431,0.08029197080291971,0.0364963503649635,0.0072992700729927005,0.0072992700729927005,0.014598540145985401,0.10948905109489052
CR137,Immune-enriched stromal,0.022727272727272728,0.0633116883116883,0.01488095238095238,0.15665584415584416,0.06547619047619048,0.023809523809523808,0.005681818181818182,0.031114718614718616,0.027597402597402596,0.5887445887445888
CR137,Mixed Immune,0.07651715039577836,0.20844327176781002,0.047493403693931395,0.021108179419525065,0.32189973614775724,0.044854881266490766,0.005277044854881266,0.044854881266490766,0.010554089709762533,0.21899736147757257
CR137,NK-cell enriched,0,0.023809523809523808,0,0.2619047619047619,0.03571428571428571,0.4880952380952381,0.011904761904761904,0.047619047619047616,0.03571428571428571,0.09523809523809523
CR137,Proliferative Tumor,0.001658374792703151,0.003316749585406302,0.001658374792703151,0.26285240464344944,0.006633499170812604,0.01990049751243781,0.003316749585406302,0.024875621890547265,0.6194029850746269,0.05638474295190713
CR137,Stromal,0.0070072992700729924,0.02364963503649635,0.006715328467153284,0.026569343065693432,0.03299270072992701,0.010218978102189781,0.0037956204379562043,0.009343065693430658,0.0017518248175182481,0.877956204379562
CR139,Bulk Tumor,0.0080012077294686,0.022342995169082124,0.01917270531400966,0.7841183574879227,0.009510869565217392,0.022342995169082124,0.018719806763285024,0.0016606280193236715,0.05419685990338164,0.059933574879227056
CR139,CD8+ T cell enriched,0.037425673312346974,0.12696747114375656,0.5309548793284365,0.02658272123119972,0.11752360965372508,0.03112976565232599,0.005246589716684155,0.022035676810073453,0.005946135012242042,0.09618747813920951
CR139,Immune-enriched stromal,0.04363636363636364,0.14636363636363636,0.0809090909090909,0.09,0.05863636363636364,0.038636363636363635,0.008636363636363636,0.031818181818181815,0.023181818181818182,0.4781818181818182
CR139,Mixed Immune,0.06973768394113884,0.2072936660268714,0.09916826615483046,0.028790786948176585,0.3659628918746001,0.05182341650671785,0.005118362124120281,0.030070377479206652,0.003198976327575176,0.13883557261676263
CR139,NK-cell enriched,0.059602649006622516,0.07947019867549669,0.059602649006622516,0.10596026490066225,0.039735099337748346,0.5298013245033113,0.026490066225165563,0.006622516556291391,0.006622516556291391,0.08609271523178808
CR139,P53+ Tumor,0,0,0,0.1111111111111111,0.1111111111111111,0.2222222222222222,0.3333333333333333,0,0.1111111111111111,0.1111111111111111
CR139,Proliferative Tumor,0.004518072289156626,0.03162650602409638,0.007530120481927711,0.3509036144578313,0,0.022590361445783132,0.018072289156626505,0.0030120481927710845,0.5,0.061746987951807226
CR139,Stromal,0.01348747591522158,0.04238921001926782,0.038535645472061654,0.005780346820809248,0.02697495183044316,0.017341040462427744,0.005780346820809248,0.017341040462427744,0.0019267822736030828,0.8304431599229287
CR141,Bulk Tumor,0.0050477489768076395,0.011186903137789904,0.02005457025920873,0.7844474761255116,0.021828103683492497,0.06534788540245566,0.011732605729877216,0.0019099590723055935,0.04406548431105048,0.03437926330150068
CR141,CD8+ T cell enriched,0.02,0.11777777777777777,0.45222222222222225,0.09833333333333333,0.07333333333333333,0.06111111111111111,0.008888888888888889,0.01888888888888889,0.02277777777777778,0.12666666666666668
CR141,Immune-enriched stromal,0.024329159212880144,0.05831842576028622,0.08980322003577818,0.1552772808586762,0.06940966010733453,0.06118067978533095,0.01037567084078712,0.01967799642218247,0.0443649373881932,0.46726296958855096
CR141,Mixed Immune,0.03395997574287447,0.12007277137659188,0.09460278956943602,0.09581564584596726,0.3644633110976349,0.08429351121892056,0.008489993935718617,0.019405700424499697,0.027895694360218316,0.15100060642813826
CR141,NK-cell enriched,0.015132408575031526,0.04539722572509458,0.06935687263556116,0.22698612862547288,0.04665825977301387,0.41992433795712486,0.013871374527112233,0.015132408575031526,0.058007566204287514,0.08953341740226986
CR141,P53+ Tumor,0,0,0,0.2,0,0.2,0.2,0,0.4,0
CR141,Proliferative Tumor,0.002877106452938759,0.008220304151253596,0.041512535963830664,0.2301685162351007,0.012330456226880395,0.06781750924784218,0.013563501849568433,0.010686395396629675,0.5561035758323057,0.05672009864364982
CR141,Stromal,0.017035775127768313,0.018739352640545145,0.02555366269165247,0.013628620102214651,0.008517887563884156,0.04258943781942078,0.0034071550255536627,0.0017035775127768314,0,0.868824531516184
CR144,Bulk Tumor,0.002965892239248641,0.007414730598121601,0.06277805239742956,0.7538309441423628,0.007414730598121601,0.05536332179930796,0.015818091942659415,9.886307464162135e-4,0.04893722194760257,0.044488383588729606
CR144,CD8+ T cell enriched,0.038318912237330034,0.10218376596621344,0.5150391429748661,0.07045735475896168,0.05109188298310672,0.04573547589616811,0.011948908117016894,0.010712814173877214,0.027606098063452822,0.12690564482900701
CR144,Immune-enriched stromal,0.022792022792022793,0.05270655270655271,0.13532763532763534,0.14031339031339032,0.04344729344729345,0.06125356125356125,0.024216524216524215,0.01282051282051282,0.038461538461538464,0.4686609686609687
CR144,Mixed Immune,0.021937842778793418,0.1736745886654479,0.13345521023765997,0.04204753199268738,0.35648994515539306,0.09140767824497258,0.009140767824497258,0.016453382084095063,0.005484460694698354,0.14990859232175502
CR144,NK-cell enriched,0.008108108108108109,0.022972972972972974,0.06486486486486487,0.22297297297297297,0.02972972972972973,0.48243243243243245,0.03783783783783784,0.008108108108108109,0.024324324324324326,0.09864864864864865
CR144,P53+ Tumor,0,0,0.14285714285714285,0.5,0,0.07142857142857142,0.14285714285714285,0,0.14285714285714285,0
CR144,Proliferative Tumor,0.0026954177897574125,0.005390835579514825,0.09703504043126684,0.30997304582210244,0,0.05929919137466307,0.03504043126684636,0.0026954177897574125,0.4393530997304582,0.04851752021563342
CR144,Stromal,0,0.009708737864077669,0.0970873786407767,0.009708737864077669,0.009708737864077669,0.02912621359223301,0.019417475728155338,0,0,0.8252427184466019
CR153,Bulk Tumor,0.0023386342376052385,0.0011693171188026192,0.018007483629560336,0.7628624883068288,0.004911131898971001,0.010991580916744622,0.008185219831618335,7.015902712815715e-4,0.1627689429373246,0.02806361085126286
CR153,CD8+ T cell enriched,0.062311557788944726,0.13366834170854272,0.46130653266331656,0.044221105527638194,0.08241206030150754,0.017085427135678392,0.005025125628140704,0.006030150753768844,0.011055276381909548,0.17688442211055277
CR153,Immune-enriched stromal,0.05075960679177837,0.09812332439678284,0.09436997319034852,0.08686327077747989,0.10348525469168901,0.01519213583556747,0.004110813226094728,0.011974977658623771,0.013941018766756031,0.5211796246648793
CR153,Mixed Immune,0.05115089514066496,0.15942028985507245,0.0792838874680307,0.04688832054560955,0.3691389599317988,0.021312872975277068,0.0025575447570332483,0.0196078431372549,0.00937766410912191,0.2412617220801364
CR153,NK-cell enriched,0,0.10526315789473684,0,0.15789473684210525,0,0.5263157894736842,0,0,0,0.21052631578947367
CR153,Proliferative Tumor,2.7151778441487917e-4,8.145533532446375e-4,0.017920173771382025,0.33043714363290794,0.002986695628563671,0.010317675807765408,0.008417051316861254,0.0010860711376595167,0.6177029595438501,0.01004615802335053
CR153,Stromal,0.02254670388662229,0.03500107365256603,0.03006227184882972,0.016534249516856347,0.0371483787846253,0.00622718488297187,0.0032209576980888983,0.005368262830148164,6.441915396177797e-4,0.8432467253596736
CR164,Bulk Tumor,0.013651877133105802,0.017064846416382253,0.040955631399317405,0.6109215017064846,0.040955631399317405,0.09897610921501707,0.10238907849829351,0,0.030716723549488054,0.04436860068259386
CR164,CD8+ T cell enriched,0.017587939698492462,0.07537688442211055,0.4648241206030151,0.0728643216080402,0.06532663316582915,0.03015075376884422,0.08542713567839195,0.01256281407035176,0.11557788944723618,0.06030150753768844
CR164,Immune-enriched stromal,0.12631578947368421,0.02631578947368421,0.11052631578947368,0.16842105263157894,0.05263157894736842,0.005263157894736842,0.031578947368421054,0.010526315789473684,0.005263157894736842,0.4631578947368421
CR164,Mixed Immune,0.03932584269662921,0.042134831460674156,0.05056179775280899,0.08426966292134831,0.550561797752809,0.028089887640449437,0.03932584269662921,0.014044943820224719,0.008426966292134831,0.14325842696629212
CR164,NK-cell enriched,0.021645021645021644,0.021645021645021644,0.03463203463203463,0.19480519480519481,0.030303030303030304,0.4805194805194805,0.07792207792207792,0.004329004329004329,0.08658008658008658,0.047619047619047616
CR164,P53+ Tumor,0.0014204545454545455,0.009943181818181818,0.09232954545454546,0.18323863636363635,0.015625,0.014204545454545454,0.4914772727272727,0.004261363636363636,0.1747159090909091,0.01278409090909091
CR164,Proliferative Tumor,0.0016,0.0096,0.1328,0.1424,0.0096,0.0608,0.1232,0.0096,0.4992,0.0112
CR164,Stromal,0,0,0.058823529411764705,0,0.058823529411764705,0,0,0,0,0.8823529411764706
CR166,Bulk Tumor,9.149130832570906e-4,0.0013723696248856359,0.01738334858188472,0.6788655077767612,0.003202195791399817,0.046203110704483075,0.12488563586459286,0.0022872827081427266,0.10887465690759378,0.016010978956999086
CR166,CD8+ T cell enriched,0.01020408163265306,0.10657596371882086,0.4977324263038549,0.046485260770975055,0.04308390022675737,0.08390022675736962,0.03968253968253968,0.015873015873015872,0.026077097505668934,0.13038548752834467
CR166,Immune-enriched stromal,0.015737983836665248,0.09336452573373033,0.06869417269247129,0.035942152275627394,0.05338153977031051,0.14440663547426627,0.02126754572522331,0.029987239472564865,0.007868991918332624,0.5293492131008082
CR166,Mixed Immune,0.016181229773462782,0.15776699029126215,0.04449838187702265,0.029935275080906147,0.3705501618122977,0.13915857605177995,0.021035598705501618,0.03640776699029126,0.0040453074433656954,0.18042071197411003
CR166,NK-cell enriched,0.007821901323706379,0.042418772563176894,0.038206979542719614,0.060770156438026475,0.05324909747292419,0.5791215403128761,0.040312876052948254,0.015042117930204572,0.026173285198555957,0.13688327316486162
CR166,P53+ Tumor,9.819324430479183e-4,0.0013747054202670856,0.02670856245090338,0.21916732128829536,0.001767478397486253,0.047918303220738416,0.5074626865671642,1.9638648860958367e-4,0.18067556952081698,0.013747054202670856
CR166,Proliferative Tumor,7.270964614638875e-4,0.001454192922927775,0.024236548715462918,0.18783325254483763,0.0019389238972370335,0.055501696558410085,0.13887542413960252,0.0012118274357731458,0.5787687833252545,0.009452253999030538
CR166,Stromal,0.010938924339106655,0.04557885141294439,0.029626253418413857,0.004102096627164996,0.023701002734731084,0.05788514129443938,0.007748404740200547,0.010027347310847767,0,0.8103919781221514
CR179,Bulk Tumor,0.0021839359378791555,0.001455957291919437,0.008007765105556904,0.7655908760009706,0.002911914583838874,0.014316913370541131,0.11065275418587721,2.426595486532395e-4,0.06066488716330987,0.03397233681145353
CR179,CD8+ T cell enriched,0.044444444444444446,0.19814814814814816,0.4675925925925926,0.021296296296296296,0.06759259259259259,0.018518518518518517,0.014814814814814815,0.012037037037037037,0.005555555555555556,0.15
CR179,Immune-enriched stromal,0.043544112078758045,0.13896251419916697,0.05812192351382052,0.06683074592957214,0.08822415751609239,0.009655433547898523,0.02631578947368421,0.007194244604316547,0.006815600151457781,0.5543354789852328
CR179,Mixed Immune,0.04470115519839277,0.2646911099949774,0.06378704168759418,0.023606228026117528,0.3545956805625314,0.01808136614766449,0.009040683073832245,0.01054746358613762,0.0015067805123053742,0.209442491210447
CR179,NK-cell enriched,0,0,0,0.5,0,0,0,0,0,0.5
CR179,P53+ Tumor,0.0030978934324659233,0.00950020652622883,0.012598099958694754,0.25113589425857086,0.004750103263114415,0.00784799669558034,0.5722841800908716,0.0012391573729863693,0.1020239570425444,0.035522511358942584
CR179,Proliferative Tumor,0,0,0.01967799642218247,0.2567084078711986,0,0.007155635062611807,0.148479427549195,0.0017889087656529517,0.556350626118068,0.009838998211091235
CR179,Stromal,0.018843819865857554,0.05557329926541041,0.017885659533695305,0.007984669434685404,0.03992334717342702,0.00415202810603641,0.0025550942190993293,0.004471414883423826,3.1938677738741617e-4,0.8482912807409774
CR185,Bulk Tumor,0.009306089419380943,0.013959134129071415,0.04309124013756828,0.7709892777665386,0.01436374671252276,0.021039854339469956,0.011936071211814687,4.0461258345134534e-4,0.035201294760267045,0.07970867893991503
CR185,CD8+ T cell enriched,0.11286753082516598,0.1356307303193171,0.464116345241859,0.06860575403098325,0.07524502055011066,0.04521024343977237,0.00474233322794815,0.002213088839709137,0.002529244388239014,0.08883970913689536
CR185,Immune-enriched stromal,0.06211474632527264,0.07183499288762446,0.08534850640113797,0.16974869606448553,0.0689900426742532,0.05286865813181603,0.009720246562351825,0.0011853959222380276,0.00734945471787577,0.47083926031294454
CR185,Mixed Immune,0.07366666666666667,0.15,0.08933333333333333,0.058333333333333334,0.38066666666666665,0.07633333333333334,0.009666666666666667,0.005333333333333333,0.004,0.15266666666666667
CR185,NK-cell enriched,0.01015228426395939,0.06192893401015229,0.07411167512690356,0.06091370558375635,0.1065989847715736,0.5431472081218274,0.01116751269035533,0.007106598984771574,0.005076142131979695,0.11979695431472082
CR185,P53+ Tumor,0,0,0,1,0,0,0,0,0,0
CR185,Proliferative Tumor,0.0035211267605633804,0.01056338028169014,0.02112676056338028,0.31690140845070425,0.01056338028169014,0.056338028169014086,0.028169014084507043,0,0.4859154929577465,0.06690140845070422
CR185,Stromal,0.012444001991040319,0.015928322548531607,0.02538576406172225,0.022896963663514187,0.013937282229965157,0.013937282229965157,0.0044798407167745144,4.977600796416127e-4,9.955201592832255e-4,0.8894972623195619
CR202,Bulk Tumor,0.025837770122142185,0.0039148136548700285,0.019104290635765738,0.7032571249608519,0.004384591293454432,0.01926088318196054,0.018947698089570936,0,0.02630754776072659,0.1789852803006577
CR202,CD8+ T cell enriched,0.0374331550802139,0.18181818181818182,0.42245989304812837,0.0374331550802139,0.058823529411764705,0.06417112299465241,0.0053475935828877,0.0106951871657754,0.016042780748663103,0.1657754010695187
CR202,Immune-enriched stromal,0.04677732269885751,0.026945462384134512,0.04462168570812675,0.2871308471653374,0.027376589782280664,0.03362793705539987,0.017891787023065316,4.311273981461522e-4,0.03147230006466911,0.48372494071998273
CR202,Mixed Immune,0.02358490566037736,0.11556603773584906,0.07075471698113207,0.025943396226415096,0.47877358490566035,0.06132075471698113,0.009433962264150943,0.0047169811320754715,0.007075471698113208,0.2028301886792453
CR202,NK-cell enriched,0.028846153846153848,0.057692307692307696,0.038461538461538464,0.1346153846153846,0.07692307692307693,0.47115384615384615,0.019230769230769232,0,0.019230769230769232,0.15384615384615385
CR202,P53+ Tumor,0.2,0,0,0.3,0,0.1,0.1,0,0.2,0.1
CR202,Proliferative Tumor,0.01327433628318584,0,0.01327433628318584,0.2610619469026549,0.004424778761061947,0.03982300884955752,0.004424778761061947,0,0.5088495575221239,0.15486725663716813
CR202,Stromal,0.015133876600698487,0.02270081490104773,0.03259604190919674,0.05820721769499418,0.01571594877764843,0.01979045401629802,0.004074505238649592,0,0.004656577415599534,0.8271245634458673
